{"cameraMode":{"drawMode":0,"name":"Shaded","section":"Shading Mode"},"sceneLighting":false,"audioPlay":false,"sceneViewState":{"m_AlwaysRefresh":false,"showFog":true,"showSkybox":false,"showFlares":true,"showImageEffects":true,"showParticleSystems":true,"showVisualEffectGraphs":true,"m_FxEnabled":true},"in2DMode":false,"pivot":{"x":-0.30072900652885439,"y":0.12340452522039414,"z":0.025190412998199464},"rotation":{"x":-0.09765737503767014,"y":-0.0012146895751357079,"z":0.00009108125959755853,"w":-0.9952627420425415},"size":1.4660255908966065,"orthographic":false}