{"cameraMode":{"drawMode":0,"name":"Shaded","section":"Shading Mode"},"sceneLighting":true,"audioPlay":false,"sceneViewState":{"m_AlwaysRefresh":true,"showFog":true,"showSkybox":true,"showFlares":true,"showImageEffects":true,"showParticleSystems":true,"showVisualEffectGraphs":true,"m_FxEnabled":true},"in2DMode":false,"pivot":{"x":-0.24779391288757325,"y":2.984086513519287,"z":-13.37736701965332},"rotation":{"x":-0.20089620351791383,"y":0.28807318210601809,"z":-0.061945781111717227,"w":-0.9342488050460815},"size":8.923310279846192,"orthographic":false}